url,label
http://free-paypal-secure.com,1
http://update-bank-secure.com,1
https://www.microsoft.com,0
http://bonus-paypal-secure.com,1
http://verify-bonus-secure.com,1
https://www.linkedin.com,0
https://www.github.com,0
https://www.stackoverflow.com,0
https://www.github.com,0
http://bonus-update-secure.com,1
http://bank-bonus-secure.com,1
https://www.quora.com,0
http://bonus-verify-secure.com,1
https://www.github.com,0
https://www.linkedin.com,0
http://verify-bonus-secure.com,1
https://www.linkedin.com,0
http://verify-login-secure.com,1
http://account-bonus-secure.com,1
http://verify-secure-secure.com,1
http://free-login-secure.com,1
http://bank-verify-secure.com,1
https://www.facebook.com,0
https://www.apple.com,0
https://www.linkedin.com,0
https://www.youtube.com,0
https://www.linkedin.com,0
https://www.youtube.com,0
https://www.twitter.com,0
https://www.twitter.com,0
http://update-bank-secure.com,1
http://win-login-secure.com,1
http://login-account-secure.com,1
https://www.twitter.com,0
https://www.amazon.in,0
https://www.amazon.in,0
http://free-update-secure.com,1
https://www.wikipedia.org,0
https://www.instagram.com,0
https://www.netflix.com,0
https://www.twitter.com,0
https://www.youtube.com,0
http://secure-secure-secure.com,1
https://www.twitter.com,0
https://www.apple.com,0
https://www.instagram.com,0
https://www.instagram.com,0
https://www.stackoverflow.com,0
https://www.youtube.com,0
http://free-paypal-secure.com,1
http://update-bonus-secure.com,1
http://verify-account-secure.com,1
http://account-paypal-secure.com,1
https://www.youtube.com,0
https://www.linkedin.com,0
http://free-secure-secure.com,1
https://www.twitter.com,0
https://www.facebook.com,0
http://account-paypal-secure.com,1
http://bank-update-secure.com,1
http://win-login-secure.com,1
https://www.netflix.com,0
http://win-account-secure.com,1
http://paypal-free-secure.com,1
http://win-login-secure.com,1
http://secure-paypal-secure.com,1
https://www.instagram.com,0
https://www.google.com,0
http://secure-update-secure.com,1
http://paypal-login-secure.com,1
https://www.twitter.com,0
http://win-login-secure.com,1
https://www.youtube.com,0
http://login-win-secure.com,1
http://bonus-verify-secure.com,1
http://verify-win-secure.com,1
http://secure-secure-secure.com,1
http://login-login-secure.com,1
https://www.wikipedia.org,0
http://win-bonus-secure.com,1
https://www.linkedin.com,0
http://secure-account-secure.com,1
https://www.facebook.com,0
https://www.stackoverflow.com,0
https://www.wikipedia.org,0
https://www.google.com,0
https://www.github.com,0
http://bank-free-secure.com,1
http://paypal-secure-secure.com,1
https://www.linkedin.com,0
https://www.apple.com,0
https://www.youtube.com,0
http://secure-update-secure.com,1
https://www.instagram.com,0
https://www.wikipedia.org,0
http://win-secure-secure.com,1
http://update-bonus-secure.com,1
https://www.microsoft.com,0
https://www.instagram.com,0
http://account-verify-secure.com,1
https://www.twitter.com,0
https://www.twitter.com,0
https://www.reddit.com,0
http://secure-verify-secure.com,1
https://www.wikipedia.org,0
http://update-secure-secure.com,1
http://bonus-account-secure.com,1
http://win-account-secure.com,1
https://www.instagram.com,0
https://www.twitter.com,0
http://verify-account-secure.com,1
http://free-secure-secure.com,1
https://www.amazon.in,0
https://www.instagram.com,0
http://secure-secure-secure.com,1
https://www.instagram.com,0
http://secure-account-secure.com,1
http://free-account-secure.com,1
https://www.microsoft.com,0
http://paypal-bank-secure.com,1
http://bonus-bank-secure.com,1
http://update-login-secure.com,1
https://www.microsoft.com,0
https://www.github.com,0
https://www.netflix.com,0
http://secure-verify-secure.com,1
http://bank-account-secure.com,1
https://www.linkedin.com,0
http://account-bank-secure.com,1
http://login-free-secure.com,1
http://free-win-secure.com,1
http://bank-bonus-secure.com,1
http://bank-login-secure.com,1
http://bank-bank-secure.com,1
https://www.youtube.com,0
https://www.reddit.com,0
https://www.linkedin.com,0
http://secure-bonus-secure.com,1
http://bank-secure-secure.com,1
http://win-paypal-secure.com,1
https://www.twitter.com,0
https://www.amazon.in,0
http://update-secure-secure.com,1
http://account-secure-secure.com,1
https://www.facebook.com,0
http://secure-login-secure.com,1
http://update-account-secure.com,1
http://free-free-secure.com,1
http://account-secure-secure.com,1
https://www.netflix.com,0
https://www.google.com,0
http://win-bonus-secure.com,1
https://www.amazon.in,0
https://www.instagram.com,0
https://www.linkedin.com,0
http://bank-bonus-secure.com,1
http://verify-update-secure.com,1
http://verify-login-secure.com,1
https://www.linkedin.com,0
https://www.google.com,0
http://update-paypal-secure.com,1
http://win-account-secure.com,1
http://paypal-login-secure.com,1
https://www.stackoverflow.com,0
http://login-update-secure.com,1
http://account-verify-secure.com,1
http://paypal-login-secure.com,1
https://www.google.com,0
http://paypal-login-secure.com,1
http://paypal-paypal-secure.com,1
http://paypal-paypal-secure.com,1
http://paypal-win-secure.com,1
https://www.linkedin.com,0
https://www.linkedin.com,0
http://free-account-secure.com,1
http://bank-login-secure.com,1
http://bank-free-secure.com,1
https://www.github.com,0
http://bank-bank-secure.com,1
https://www.quora.com,0
http://paypal-account-secure.com,1
http://login-update-secure.com,1
https://www.reddit.com,0
http://update-account-secure.com,1
https://www.twitter.com,0
https://www.quora.com,0
https://www.amazon.in,0
https://www.instagram.com,0
http://update-verify-secure.com,1
http://update-update-secure.com,1
https://www.github.com,0
http://bank-win-secure.com,1
http://secure-paypal-secure.com,1
http://verify-paypal-secure.com,1
http://paypal-secure-secure.com,1
https://www.microsoft.com,0
http://secure-account-secure.com,1
https://www.twitter.com,0
http://secure-verify-secure.com,1
https://www.quora.com,0
https://www.linkedin.com,0
http://login-bank-secure.com,1
https://www.instagram.com,0
http://paypal-login-secure.com,1
http://paypal-paypal-secure.com,1
http://secure-paypal-secure.com,1
http://paypal-bonus-secure.com,1
http://login-login-secure.com,1
http://win-secure-secure.com,1
https://www.twitter.com,0
https://www.facebook.com,0
http://account-bonus-secure.com,1
http://bonus-update-secure.com,1
http://login-login-secure.com,1
https://www.amazon.in,0
http://free-bank-secure.com,1
http://free-free-secure.com,1
https://www.apple.com,0
http://paypal-free-secure.com,1
http://verify-login-secure.com,1
http://win-login-secure.com,1
https://www.facebook.com,0
https://www.facebook.com,0
http://login-bank-secure.com,1
http://bonus-secure-secure.com,1
https://www.linkedin.com,0
http://login-win-secure.com,1
http://bonus-win-secure.com,1
http://bank-bonus-secure.com,1
https://www.youtube.com,0
https://www.twitter.com,0
http://bank-paypal-secure.com,1
http://account-account-secure.com,1
https://www.reddit.com,0
https://www.github.com,0
https://www.google.com,0
http://verify-login-secure.com,1
https://www.wikipedia.org,0
http://verify-free-secure.com,1
https://www.microsoft.com,0
http://bonus-win-secure.com,1
http://free-bonus-secure.com,1
https://www.github.com,0
http://login-account-secure.com,1
http://secure-bank-secure.com,1
http://login-update-secure.com,1
http://account-account-secure.com,1
https://www.linkedin.com,0
http://update-bonus-secure.com,1
https://www.linkedin.com,0
http://secure-free-secure.com,1
https://www.google.com,0
https://www.linkedin.com,0
http://update-update-secure.com,1
https://www.stackoverflow.com,0
http://bank-bonus-secure.com,1
https://www.microsoft.com,0
http://update-bonus-secure.com,1
http://update-update-secure.com,1
https://www.netflix.com,0
https://www.quora.com,0
https://www.linkedin.com,0
https://www.linkedin.com,0
https://www.youtube.com,0
http://update-free-secure.com,1
http://verify-verify-secure.com,1
http://account-bonus-secure.com,1
http://free-verify-secure.com,1
https://www.youtube.com,0
http://win-bank-secure.com,1
https://www.github.com,0
https://www.stackoverflow.com,0
https://www.apple.com,0
https://www.amazon.in,0
https://www.quora.com,0
https://www.quora.com,0
http://account-login-secure.com,1
http://bonus-secure-secure.com,1
http://paypal-bank-secure.com,1
https://www.google.com,0
https://www.microsoft.com,0
https://www.linkedin.com,0
https://www.youtube.com,0
http://bank-update-secure.com,1
http://login-bank-secure.com,1
https://www.instagram.com,0
https://www.github.com,0
http://paypal-paypal-secure.com,1
https://www.amazon.in,0
https://www.instagram.com,0
https://www.google.com,0
https://www.stackoverflow.com,0
http://bonus-win-secure.com,1
http://win-free-secure.com,1
https://www.google.com,0
http://bank-verify-secure.com,1
https://www.facebook.com,0
http://paypal-update-secure.com,1
http://account-account-secure.com,1
http://bonus-account-secure.com,1
http://bank-free-secure.com,1
https://www.netflix.com,0
http://paypal-win-secure.com,1
http://update-secure-secure.com,1
https://www.amazon.in,0
https://www.stackoverflow.com,0
https://www.quora.com,0
https://www.stackoverflow.com,0
http://win-win-secure.com,1
https://www.reddit.com,0
https://www.github.com,0
http://free-update-secure.com,1
http://secure-update-secure.com,1
http://account-bonus-secure.com,1
https://www.wikipedia.org,0
http://account-update-secure.com,1
https://www.amazon.in,0
http://verify-free-secure.com,1
https://www.wikipedia.org,0
https://www.twitter.com,0
http://secure-account-secure.com,1
http://paypal-bank-secure.com,1
http://free-account-secure.com,1
https://www.reddit.com,0
http://account-account-secure.com,1
http://win-free-secure.com,1
https://www.github.com,0
https://www.twitter.com,0
https://www.youtube.com,0
http://update-update-secure.com,1
http://update-free-secure.com,1
https://www.twitter.com,0
https://www.github.com,0
http://free-win-secure.com,1
http://update-verify-secure.com,1
https://www.twitter.com,0
https://www.microsoft.com,0
http://paypal-bank-secure.com,1
https://www.microsoft.com,0
https://www.microsoft.com,0
http://secure-secure-secure.com,1
http://secure-login-secure.com,1
http://win-win-secure.com,1
https://www.amazon.in,0
https://www.youtube.com,0
http://update-verify-secure.com,1
https://www.stackoverflow.com,0
http://login-update-secure.com,1
https://www.google.com,0
http://secure-bonus-secure.com,1
http://login-secure-secure.com,1
http://account-account-secure.com,1
http://win-verify-secure.com,1
http://bonus-secure-secure.com,1
https://www.wikipedia.org,0
https://www.twitter.com,0
http://free-bank-secure.com,1
http://verify-bank-secure.com,1
https://www.wikipedia.org,0
http://bank-bank-secure.com,1
http://login-free-secure.com,1
http://win-bank-secure.com,1
https://www.youtube.com,0
https://www.twitter.com,0
https://www.wikipedia.org,0
http://login-bank-secure.com,1
http://bonus-bank-secure.com,1
https://www.github.com,0
http://bonus-verify-secure.com,1
http://bonus-bonus-secure.com,1
http://login-secure-secure.com,1
http://update-free-secure.com,1
http://login-win-secure.com,1
http://update-update-secure.com,1
https://www.reddit.com,0
https://www.instagram.com,0
https://www.stackoverflow.com,0
https://www.microsoft.com,0
https://www.instagram.com,0
http://account-bonus-secure.com,1
http://paypal-update-secure.com,1
http://update-account-secure.com,1
https://www.netflix.com,0
https://www.reddit.com,0
https://www.microsoft.com,0
https://www.apple.com,0
https://www.google.com,0
http://account-bank-secure.com,1
https://www.google.com,0
https://www.wikipedia.org,0
http://verify-verify-secure.com,1
http://free-account-secure.com,1
http://login-account-secure.com,1
http://update-win-secure.com,1
https://www.netflix.com,0
http://paypal-login-secure.com,1
https://www.reddit.com,0
https://www.quora.com,0
http://login-bank-secure.com,1
https://www.netflix.com,0
https://www.youtube.com,0
http://login-update-secure.com,1
https://www.linkedin.com,0
https://www.amazon.in,0
http://win-account-secure.com,1
https://www.amazon.in,0
http://win-verify-secure.com,1
https://www.linkedin.com,0
https://www.google.com,0
https://www.instagram.com,0
http://bonus-secure-secure.com,1
https://www.microsoft.com,0
https://www.github.com,0
http://update-login-secure.com,1
http://win-secure-secure.com,1
http://login-secure-secure.com,1
https://www.quora.com,0
http://update-update-secure.com,1
https://www.stackoverflow.com,0
http://verify-update-secure.com,1
https://www.microsoft.com,0
http://account-account-secure.com,1
http://paypal-free-secure.com,1
http://secure-free-secure.com,1
http://free-login-secure.com,1
http://account-verify-secure.com,1
https://www.github.com,0
http://paypal-paypal-secure.com,1
https://www.amazon.in,0
http://free-bonus-secure.com,1
http://bank-update-secure.com,1
http://secure-free-secure.com,1
http://update-account-secure.com,1
https://www.stackoverflow.com,0
http://win-paypal-secure.com,1
http://update-win-secure.com,1
http://verify-win-secure.com,1
http://free-bank-secure.com,1
https://www.youtube.com,0
http://bank-account-secure.com,1
http://login-login-secure.com,1
https://www.stackoverflow.com,0
http://free-bank-secure.com,1
http://verify-paypal-secure.com,1
http://win-bonus-secure.com,1
https://www.github.com,0
https://www.github.com,0
http://win-secure-secure.com,1
http://win-bank-secure.com,1
http://verify-secure-secure.com,1
https://www.amazon.in,0
http://verify-bank-secure.com,1
https://www.stackoverflow.com,0
https://www.facebook.com,0
http://bank-bonus-secure.com,1
https://www.reddit.com,0
http://win-account-secure.com,1
http://bank-bonus-secure.com,1
https://www.youtube.com,0
https://www.google.com,0
https://www.facebook.com,0
https://www.wikipedia.org,0
https://www.facebook.com,0
https://www.youtube.com,0
http://account-verify-secure.com,1
https://www.linkedin.com,0
http://secure-verify-secure.com,1
https://www.github.com,0
http://bonus-account-secure.com,1
https://www.instagram.com,0
http://free-paypal-secure.com,1
https://www.facebook.com,0
https://www.github.com,0
http://win-update-secure.com,1
http://update-free-secure.com,1
http://free-bonus-secure.com,1
https://www.instagram.com,0
https://www.reddit.com,0
http://account-paypal-secure.com,1
https://www.wikipedia.org,0
https://www.twitter.com,0
http://bonus-login-secure.com,1
https://www.google.com,0
http://bank-win-secure.com,1
http://win-account-secure.com,1
https://www.amazon.in,0
http://verify-verify-secure.com,1
https://www.reddit.com,0
http://update-bonus-secure.com,1
http://verify-win-secure.com,1
http://win-bank-secure.com,1
https://www.stackoverflow.com,0
https://www.youtube.com,0
http://login-win-secure.com,1
http://update-bonus-secure.com,1
http://bank-win-secure.com,1
https://www.reddit.com,0
http://update-bonus-secure.com,1
http://login-login-secure.com,1
http://bank-update-secure.com,1
https://www.facebook.com,0
http://update-bonus-secure.com,1
https://www.stackoverflow.com,0
http://secure-update-secure.com,1
http://bonus-paypal-secure.com,1
http://secure-bonus-secure.com,1
http://update-update-secure.com,1
https://www.linkedin.com,0
http://login-free-secure.com,1
http://bank-login-secure.com,1
https://www.facebook.com,0
https://www.stackoverflow.com,0
https://www.apple.com,0
https://www.reddit.com,0
https://www.stackoverflow.com,0
https://www.instagram.com,0
https://www.apple.com,0
https://www.stackoverflow.com,0
http://verify-account-secure.com,1
https://www.github.com,0
http://update-paypal-secure.com,1
http://bonus-bonus-secure.com,1
https://www.google.com,0
http://win-secure-secure.com,1
http://win-update-secure.com,1
http://win-account-secure.com,1
http://bonus-bank-secure.com,1
http://secure-bonus-secure.com,1
http://paypal-free-secure.com,1
https://www.quora.com,0
https://www.netflix.com,0
http://update-verify-secure.com,1
http://secure-free-secure.com,1
http://login-login-secure.com,1
http://update-bonus-secure.com,1
http://free-bonus-secure.com,1
https://www.google.com,0
http://free-free-secure.com,1
https://www.quora.com,0
https://www.google.com,0
http://bank-free-secure.com,1
https://www.twitter.com,0
http://login-bank-secure.com,1
http://secure-update-secure.com,1
http://update-paypal-secure.com,1
http://free-verify-secure.com,1
http://secure-bank-secure.com,1
https://www.microsoft.com,0
http://login-login-secure.com,1
http://update-verify-secure.com,1
https://www.wikipedia.org,0
http://bonus-win-secure.com,1
http://bonus-paypal-secure.com,1
https://www.linkedin.com,0
https://www.facebook.com,0
http://update-verify-secure.com,1
https://www.instagram.com,0
https://www.apple.com,0
https://www.github.com,0
https://www.stackoverflow.com,0
https://www.quora.com,0
http://win-account-secure.com,1
http://secure-bank-secure.com,1
http://login-account-secure.com,1
http://bank-account-secure.com,1
http://bonus-login-secure.com,1
https://www.netflix.com,0
https://www.youtube.com,0
https://www.google.com,0
https://www.facebook.com,0
http://account-account-secure.com,1
https://www.instagram.com,0
http://paypal-login-secure.com,1
http://verify-bonus-secure.com,1
https://www.youtube.com,0
https://www.twitter.com,0
http://paypal-account-secure.com,1
http://account-account-secure.com,1
https://www.instagram.com,0
https://www.microsoft.com,0
http://win-bonus-secure.com,1
http://account-paypal-secure.com,1
http://free-secure-secure.com,1
http://free-paypal-secure.com,1
http://win-free-secure.com,1
https://www.stackoverflow.com,0
http://update-update-secure.com,1
https://www.microsoft.com,0
http://bonus-win-secure.com,1
http://win-verify-secure.com,1
http://free-bank-secure.com,1
http://bank-paypal-secure.com,1
https://www.instagram.com,0
http://bank-bonus-secure.com,1
https://www.twitter.com,0
https://www.stackoverflow.com,0
http://bank-paypal-secure.com,1
https://www.stackoverflow.com,0
http://bank-verify-secure.com,1
http://verify-account-secure.com,1
http://bonus-paypal-secure.com,1
https://www.facebook.com,0
https://www.instagram.com,0
https://www.quora.com,0
http://bonus-paypal-secure.com,1
http://account-win-secure.com,1
https://www.linkedin.com,0
https://www.facebook.com,0
http://update-account-secure.com,1
http://free-account-secure.com,1
http://account-verify-secure.com,1
https://www.netflix.com,0
http://free-bank-secure.com,1
http://free-verify-secure.com,1
https://www.google.com,0
https://www.instagram.com,0
https://www.reddit.com,0
http://bonus-secure-secure.com,1
http://login-bonus-secure.com,1
http://bonus-secure-secure.com,1
https://www.reddit.com,0
https://www.wikipedia.org,0
https://www.amazon.in,0
http://secure-bonus-secure.com,1
https://www.wikipedia.org,0
https://www.facebook.com,0
http://verify-free-secure.com,1
https://www.apple.com,0
https://www.instagram.com,0
https://www.microsoft.com,0
https://www.linkedin.com,0
http://paypal-update-secure.com,1
http://verify-secure-secure.com,1
http://free-update-secure.com,1
http://update-bank-secure.com,1
https://www.amazon.in,0
https://www.github.com,0
https://www.youtube.com,0
https://www.twitter.com,0
https://www.netflix.com,0
https://www.quora.com,0
https://www.reddit.com,0
https://www.stackoverflow.com,0
https://www.netflix.com,0
https://www.stackoverflow.com,0
http://update-bank-secure.com,1
http://login-bank-secure.com,1
http://free-free-secure.com,1
http://secure-account-secure.com,1
http://free-login-secure.com,1
https://www.stackoverflow.com,0
http://bank-account-secure.com,1
https://www.stackoverflow.com,0
https://www.wikipedia.org,0
https://www.apple.com,0
https://www.twitter.com,0
https://www.amazon.in,0
https://www.linkedin.com,0
https://www.instagram.com,0
https://www.twitter.com,0
http://paypal-free-secure.com,1
http://free-login-secure.com,1
https://www.apple.com,0
https://www.apple.com,0
https://www.amazon.in,0
https://www.stackoverflow.com,0
https://www.youtube.com,0
https://www.amazon.in,0
http://paypal-bonus-secure.com,1
https://www.instagram.com,0
https://www.github.com,0
http://secure-update-secure.com,1
https://www.wikipedia.org,0
https://www.netflix.com,0
https://www.youtub
